Nécessite une action,Devise,Référence de commande,Date de création,Client,Vendeur,Activités,Société,Total,Statut
0,EUR,S00041,2025-04-12 22:06:05,Ready Mat,Larbi Nidal,,IT4Logs,4200,Annulé
0,EUR,S00040,2025-04-12 22:03:50,Deco Addict,Larbi Nidal,,IT4Logs,4200,Devis
0,EUR,S00039,2025-04-12 22:03:41,Azure Interior,Larbi Nidal,,IT4Logs,720,Annulé
0,EUR,S00038,2025-04-12 22:02:26,Wood Corner,Larbi Nidal,,IT4Logs,9600,Devis
0,EUR,S00037,2025-04-12 21:59:23,Wood Corner,Larbi Nidal,,IT4Logs,33600,Devis
0,EUR,S00036,2025-04-12 21:55:52,Ready Mat,Abansir Rayan,,IT4Logs,10200,Annulé
0,EUR,S00035,2025-04-12 21:52:24,EDF FR,Abansir Rayan,,IT4Logs,26400,Bon de commande
0,EUR,S00034,2025-04-12 21:49:54,Bolloré,Abansir Rayan,,IT4Logs,303300,Devis
0,EUR,S00033,2025-04-12 21:44:55,Microsoft,Abansir Rayan,,IT4Logs,145920,Devis
0,EUR,S00032,2025-04-12 21:40:40,Ozyme,Abansir Rayan,,IT4Logs,8400,Annulé
0,EUR,S00031,2025-04-12 21:38:46,Capgemini,Abansir Rayan,,IT4Logs,11520,Devis
0,EUR,S00030,2025-04-02 23:25:27,Wood Corner,Abansir Rayan,,IT4Logs,24000,Bon de commande
0,EUR,S00029,2025-04-02 23:23:45,Wood Corner,Abansir Rayan,,IT4Logs,145800,Bon de commande
0,EUR,S00028,2025-04-02 23:16:19,Azure Interior,Larbi Nidal,,IT4Logs,15000,Bon de commande
0,EUR,S00027,2025-04-02 22:52:27,Deco Addict,Larbi Nidal,,IT4Logs,25740,Bon de commande
0,EUR,S00025,2025-04-02 22:46:31,Deco Addict,Larbi Nidal,,IT4Logs,4200,Bon de commande
